cod;nome;período;valor
24;RN;1989;236
21;MA;1989;411
53;DF;1989;331
50;MS;1989;371
42;SC;1989;354
11;RO;1989;490
43;RS;1989;1561
14;RR;1989;113
27;AL;1989;805
26;PE;1989;2553
51;MT;1989;471
35;SP;1989;9179
31;MG;1989;1216
16;AP;1989;39
15;PA;1989;666
32;ES;1989;845
13;AM;1989;321
29;BA;1989;1086
22;PI;1989;142
17;TO;1989;63
52;GO;1989;810
23;CE;1989;607
41;PR;1989;1112
25;PB;1989;461
28;SE;1989;139
12;AC;1989;95
33;RJ;1989;4290
53;DF;1990;463
15;PA;1990;748
41;PR;1990;1167
16;AP;1990;46
26;PE;1990;2742
24;RN;1990;200
28;SE;1990;151
25;PB;1990;440
21;MA;1990;442
11;RO;1990;555
33;RJ;1990;7101
23;CE;1990;555
52;GO;1990;681
17;TO;1990;54
32;ES;1990;881
22;PI;1990;109
29;BA;1990;867
13;AM;1990;367
35;SP;1990;9503
27;AL;1990;719
51;MT;1990;415
12;AC;1990;64
42;SC;1990;388
14;RR;1990;127
43;RS;1990;1704
31;MG;1990;1178
50;MS;1990;348
23;CE;1991;607
50;MS;1991;388
13;AM;1991;403
43;RS;1991;1694
26;PE;1991;2944
51;MT;1991;452
16;AP;1991;54
11;RO;1991;491
52;GO;1991;852
33;RJ;1991;5055
25;PB;1991;401
28;SE;1991;317
31;MG;1991;1232
24;RN;1991;219
35;SP;1991;9685
17;TO;1991;92
32;ES;1991;968
21;MA;1991;470
53;DF;1991;489
12;AC;1991;106
22;PI;1991;103
27;AL;1991;665
41;PR;1991;1225
14;RR;1991;79
42;SC;1991;355
15;PA;1991;810
29;BA;1991;596
13;AM;1992;351
12;AC;1992;107
17;TO;1992;67
52;GO;1992;828
41;PR;1992;1092
26;PE;1992;2531
15;PA;1992;759
27;AL;1992;591
11;RO;1992;395
22;PI;1992;92
16;AP;1992;73
29;BA;1992;840
33;RJ;1992;4536
35;SP;1992;9116
31;MG;1992;1131
51;MT;1992;355
43;RS;1992;1570
42;SC;1992;361
21;MA;1992;427
14;RR;1992;95
53;DF;1992;424
24;RN;1992;199
32;ES;1992;839
23;CE;1992;537
28;SE;1992;461
50;MS;1992;423
25;PB;1992;355
26;PE;1993;2763
50;MS;1993;457
32;ES;1993;1098
15;PA;1993;623
22;PI;1993;117
28;SE;1993;312
53;DF;1993;553
14;RR;1993;69
35;SP;1993;9224
52;GO;1993;734
27;AL;1993;619
21;MA;1993;394
24;RN;1993;243
25;PB;1993;365
17;TO;1993;93
29;BA;1993;1503
51;MT;1993;356
41;PR;1993;1237
33;RJ;1993;5367
12;AC;1993;116
13;AM;1993;350
31;MG;1993;1211
23;CE;1993;702
42;SC;1993;371
43;RS;1993;1177
16;AP;1993;66
11;RO;1993;498
22;PI;1994;99
21;MA;1994;314
11;RO;1994;399
33;RJ;1994;6420
12;AC;1994;88
23;CE;1994;636
53;DF;1994;556
24;RN;1994;211
27;AL;1994;615
25;PB;1994;385
28;SE;1994;344
52;GO;1994;774
13;AM;1994;387
29;BA;1994;1739
51;MT;1994;316
42;SC;1994;346
14;RR;1994;78
41;PR;1994;1260
26;PE;1994;2593
50;MS;1994;522
15;PA;1994;716
31;MG;1994;1118
16;AP;1994;125
35;SP;1994;9981
43;RS;1994;1334
17;TO;1994;109
32;ES;1994;1166
31;MG;1995;1214
43;RS;1995;1439
21;MA;1995;385
15;PA;1995;700
50;MS;1995;636
41;PR;1995;1387
26;PE;1995;2706
14;RR;1995;87
51;MT;1995;583
42;SC;1995;420
29;BA;1995;1536
13;AM;1995;425
32;ES;1995;1154
22;PI;1995;114
25;PB;1995;457
52;GO;1995;784
28;SE;1995;255
24;RN;1995;247
33;RJ;1995;8218
17;TO;1995;77
12;AC;1995;103
53;DF;1995;629
27;AL;1995;742
35;SP;1995;11555
23;CE;1995;845
16;AP;1995;124
11;RO;1995;330
27;AL;1996;741
53;DF;1996;615
24;RN;1996;241
52;GO;1996;782
25;PB;1996;636
12;AC;1996;104
51;MT;1996;660
13;AM;1996;450
14;RR;1996;107
50;MS;1996;722
15;PA;1996;700
16;AP;1996;157
43;RS;1996;1482
17;TO;1996;126
21;MA;1996;363
33;RJ;1996;8034
32;ES;1996;1191
35;SP;1996;12320
31;MG;1996;1261
41;PR;1996;1379
42;SC;1996;412
11;RO;1996;301
29;BA;1996;1883
22;PI;1996;117
28;SE;1996;238
23;CE;1996;885
26;PE;1996;3022
14;RR;1997;90
41;PR;1997;1581
33;RJ;1997;7954
26;PE;1997;3713
43;RS;1997;1648
31;MG;1997;1347
27;AL;1997;642
50;MS;1997;729
17;TO;1997;112
15;PA;1997;754
16;AP;1997;140
52;GO;1997;744
25;PB;1997;492
53;DF;1997;613
11;RO;1997;355
29;BA;1997;1981
42;SC;1997;423
51;MT;1997;766
24;RN;1997;235
28;SE;1997;190
35;SP;1997;12537
22;PI;1997;142
13;AM;1997;468
32;ES;1997;1416
23;CE;1997;1026
21;MA;1997;333
12;AC;1997;100
17;TO;1998;129
43;RS;1998;1524
25;PB;1998;455
22;PI;1998;140
52;GO;1998;704
28;SE;1998;175
35;SP;1998;13986
21;MA;1998;278
31;MG;1998;1511
15;PA;1998;774
50;MS;1998;670
33;RJ;1998;7573
14;RR;1998;134
41;PR;1998;1625
24;RN;1998;222
23;CE;1998;946
32;ES;1998;1675
13;AM;1998;534
26;PE;1998;4423
11;RO;1998;494
27;AL;1998;582
29;BA;1998;1271
51;MT;1998;832
16;AP;1998;160
53;DF;1998;633
42;SC;1998;414
12;AC;1998;110
22;PI;1999;133
13;AM;1999;527
43;RS;1999;1533
35;SP;1999;15763
28;SE;1999;329
52;GO;1999;853
26;PE;1999;4217
24;RN;1999;224
12;AC;1999;51
16;AP;1999;192
15;PA;1999;642
29;BA;1999;913
50;MS;1999;571
25;PB;1999;403
11;RO;1999;432
23;CE;1999;1104
33;RJ;1999;7261
14;RR;1999;154
27;AL;1999;554
31;MG;1999;1596
21;MA;1999;262
53;DF;1999;659
41;PR;1999;1706
42;SC;1999;385
51;MT;1999;822
17;TO;1999;137
32;ES;1999;1524
52;GO;2000;1085
17;TO;2000;176
16;AP;2000;156
33;RJ;2000;7350
43;RS;2000;1668
35;SP;2000;15591
15;PA;2000;806
31;MG;2000;2109
50;MS;2000;651
14;RR;2000;130
41;PR;2000;1789
13;AM;2000;552
29;BA;2000;1242
51;MT;2000;990
12;AC;2000;106
42;SC;2000;433
25;PB;2000;507
27;AL;2000;727
22;PI;2000;230
28;SE;2000;410
24;RN;2000;257
53;DF;2000;687
23;CE;2000;1238
11;RO;2000;466
21;MA;2000;352
32;ES;2000;1435
26;PE;2000;4290
42;SC;2001;477
12;AC;2001;121
51;MT;2001;973
27;AL;2001;830
32;ES;2001;1452
29;BA;2001;1622
13;AM;2001;485
41;PR;2001;2052
14;RR;2001;108
16;AP;2001;182
23;CE;2001;1284
53;DF;2001;693
11;RO;2001;573
35;SP;2001;15773
50;MS;2001;621
21;MA;2001;563
33;RJ;2001;7362
31;MG;2001;2366
15;PA;2001;966
26;PE;2001;4710
28;SE;2001;518
17;TO;2001;212
52;GO;2001;1167
24;RN;2001;322
43;RS;2001;1854
22;PI;2001;262
25;PB;2001;484
25;PB;2002;607
53;DF;2002;641
52;GO;2002;1370
51;MT;2002;948
50;MS;2002;684
43;RS;2002;1912
32;ES;2002;1644
31;MG;2002;2994
29;BA;2002;1759
28;SE;2002;556
27;AL;2002;991
26;PE;2002;4396
23;CE;2002;1445
22;PI;2002;308
21;MA;2002;606
42;SC;2002;585
41;PR;2002;2266
35;SP;2002;14526
33;RJ;2002;8335
17;TO;2002;170
16;AP;2002;181
15;PA;2002;1192
14;RR;2002;122
13;AM;2002;513
12;AC;2002;151
24;RN;2002;299
11;RO;2002;615
42;SC;2003;670
31;MG;2003;3869
12;AC;2003;147
50;MS;2003;705
22;PI;2003;298
43;RS;2003;1908
15;PA;2003;1405
23;CE;2003;1563
11;RO;2003;566
16;AP;2003;185
24;RN;2003;405
35;SP;2003;14048
32;ES;2003;1629
27;AL;2003;1039
51;MT;2003;908
13;AM;2003;558
17;TO;2003;204
41;PR;2003;2555
26;PE;2003;4517
28;SE;2003;469
52;GO;2003;1346
21;MA;2003;795
33;RJ;2003;8115
29;BA;2003;2166
25;PB;2003;616
14;RR;2003;106
53;DF;2003;742
14;RR;2004;85
15;PA;2004;1519
32;ES;2004;1619
17;TO;2004;198
43;RS;2004;1982
24;RN;2004;344
22;PI;2004;327
16;AP;2004;172
29;BA;2004;2262
21;MA;2004;732
27;AL;2004;1035
52;GO;2004;1524
25;PB;2004;675
42;SC;2004;638
31;MG;2004;4286
26;PE;2004;4174
23;CE;2004;1582
12;AC;2004;114
11;RO;2004;563
35;SP;2004;11336
41;PR;2004;2826
51;MT;2004;853
13;AM;2004;526
33;RJ;2004;7731
28;SE;2004;454
50;MS;2004;656
53;DF;2004;696
35;SP;2005;8870
29;BA;2005;2881
27;AL;2005;1203
11;RO;2005;555
53;DF;2005;657
24;RN;2005;406
52;GO;2005;1468
25;PB;2005;745
26;PE;2005;4330
23;CE;2005;1699
12;AC;2005;124
51;MT;2005;907
13;AM;2005;599
28;SE;2005;487
50;MS;2005;631
14;RR;2005;95
15;PA;2005;1926
43;RS;2005;2021
22;PI;2005;368
16;AP;2005;196
17;TO;2005;190
32;ES;2005;1602
33;RJ;2005;7408
31;MG;2005;4223
41;PR;2005;2977
21;MA;2005;935
42;SC;2005;633
17;TO;2006;229
32;ES;2006;1762
53;DF;2006;660
15;PA;2006;2073
14;RR;2006;111
50;MS;2006;683
13;AM;2006;699
11;RO;2006;585
33;RJ;2006;7389
31;MG;2006;4177
41;PR;2006;3098
51;MT;2006;896
12;AC;2006;158
27;AL;2006;1620
35;SP;2006;8377
23;CE;2006;1792
25;PB;2006;825
52;GO;2006;1509
21;MA;2006;969
28;SE;2006;585
29;BA;2006;3311
16;AP;2006;202
22;PI;2006;418
42;SC;2006;666
26;PE;2006;4472
43;RS;2006;1983
24;RN;2006;455
16;AP;2007;172
27;AL;2007;1836
23;CE;2007;1933
22;PI;2007;383
28;SE;2007;522
21;MA;2007;1127
29;BA;2007;3659
41;PR;2007;3105
35;SP;2007;6437
31;MG;2007;4125
33;RJ;2007;6551
32;ES;2007;1877
17;TO;2007;226
42;SC;2007;632
43;RS;2007;2199
15;PA;2007;2194
14;RR;2007;116
50;MS;2007;710
13;AM;2007;715
51;MT;2007;889
12;AC;2007;137
25;PB;2007;864
52;GO;2007;1521
24;RN;2007;589
53;DF;2007;711
11;RO;2007;432
26;PE;2007;4557
41;PR;2008;3445
26;PE;2008;4446
50;MS;2008;699
52;GO;2008;1792
33;RJ;2008;5662
43;RS;2008;2380
21;MA;2008;1277
35;SP;2008;6332
24;RN;2008;714
22;PI;2008;361
42;SC;2008;802
27;AL;2008;1887
13;AM;2008;830
53;DF;2008;812
17;TO;2008;237
29;BA;2008;4819
51;MT;2008;937
31;MG;2008;3889
16;AP;2008;210
28;SE;2008;555
11;RO;2008;480
25;PB;2008;1029
12;AC;2008;133
23;CE;2008;2019
15;PA;2008;2860
32;ES;2008;1947
14;RR;2008;105
25;PB;2009;1263
52;GO;2009;1902
24;RN;2009;800
29;BA;2009;5432
26;PE;2009;3963
23;CE;2009;2165
33;RJ;2009;5365
16;AP;2009;190
14;RR;2009;118
43;RS;2009;2242
53;DF;2009;882
21;MA;2009;1398
27;AL;2009;1873
22;PI;2009;385
11;RO;2009;538
15;PA;2009;2989
50;MS;2009;725
41;PR;2009;3698
35;SP;2009;6557
42;SC;2009;820
13;AM;2009;916
17;TO;2009;289
31;MG;2009;3742
51;MT;2009;1000
12;AC;2009;153
32;ES;2009;1985
28;SE;2009;653
29;BA;2010;5844
43;RS;2010;2085
15;PA;2010;3521
53;DF;2010;786
27;AL;2010;2087
11;RO;2010;546
41;PR;2010;3586
35;SP;2010;6039
21;MA;2010;1519
31;MG;2010;3646
52;GO;2010;1979
24;RN;2010;810
33;RJ;2010;5667
23;CE;2010;2688
25;PB;2010;1455
32;ES;2010;1792
51;MT;2010;972
26;PE;2010;3473
12;AC;2010;165
17;TO;2010;327
13;AM;2010;1082
42;SC;2010;823
50;MS;2010;656
14;RR;2010;121
22;PI;2010;411
16;AP;2010;260
28;SE;2010;676
14;RR;2011;95
23;CE;2011;2792
17;TO;2011;361
53;DF;2011;902
27;AL;2011;2244
41;PR;2011;3376
11;RO;2011;450
28;SE;2011;731
43;RS;2011;2077
13;AM;2011;1292
50;MS;2011;673
33;RJ;2011;4781
35;SP;2011;5842
42;SC;2011;811
21;MA;2011;1591
52;GO;2011;2272
15;PA;2011;3073
22;PI;2011;440
32;ES;2011;1672
12;AC;2011;164
25;PB;2011;1614
16;AP;2011;209
31;MG;2011;4262
24;RN;2011;1054
26;PE;2011;3471
29;BA;2011;5549
51;MT;2011;1009
12;AC;2012;208
51;MT;2012;1074
52;GO;2012;2793
32;ES;2012;1667
41;PR;2012;3489
15;PA;2012;3236
31;MG;2012;4562
14;RR;2012;144
25;PB;2012;1525
27;AL;2012;2046
26;PE;2012;3327
29;BA;2012;6148
17;TO;2012;379
21;MA;2012;1777
13;AM;2012;1344
43;RS;2012;2382
42;SC;2012;821
50;MS;2012;683
35;SP;2012;6566
11;RO;2012;526
22;PI;2012;525
16;AP;2012;253
53;DF;2012;954
33;RJ;2012;4772
23;CE;2012;3841
28;SE;2012;879
24;RN;2012;1124
26;PE;2013;3124
15;PA;2013;3405
21;MA;2013;2163
14;RR;2013;214
22;PI;2013;598
17;TO;2013;349
51;MT;2013;1158
16;AP;2013;225
24;RN;2013;1447
12;AC;2013;234
31;MG;2013;4717
25;PB;2013;1551
53;DF;2013;837
27;AL;2013;2148
32;ES;2013;1622
50;MS;2013;630
11;RO;2013;483
33;RJ;2013;5111
28;SE;2013;965
41;PR;2013;2936
42;SC;2013;789
13;AM;2013;1191
23;CE;2013;4473
29;BA;2013;5694
43;RS;2013;2322
52;GO;2013;2975
35;SP;2013;6035
26;PE;2014;3358
29;BA;2014;6052
35;SP;2014;6185
21;MA;2014;2462
31;MG;2014;4724
33;RJ;2014;5718
32;ES;2014;1609
17;TO;2014;381
28;SE;2014;1097
42;SC;2014;905
16;AP;2014;256
15;PA;2014;3446
22;PI;2014;717
43;RS;2014;2724
14;RR;2014;158
50;MS;2014;700
13;AM;2014;1240
12;AC;2014;232
27;AL;2014;2085
51;MT;2014;1358
25;PB;2014;1551
23;CE;2014;4626
24;RN;2014;1602
52;GO;2014;2887
11;RO;2014;578
53;DF;2014;843
41;PR;2014;2980
28;SE;2015;1303
23;CE;2015;4163
43;RS;2015;2944
13;AM;2015;1472
50;MS;2015;634
31;MG;2015;4532
52;GO;2015;2997
53;DF;2015;742
42;SC;2015;957
41;PR;2015;2936
25;PB;2015;1522
22;PI;2015;650
51;MT;2015;1203
29;BA;2015;6012
15;PA;2015;3675
32;ES;2015;1450
21;MA;2015;2438
12;AC;2015;217
33;RJ;2015;5067
14;RR;2015;203
24;RN;2015;1545
27;AL;2015;1748
11;RO;2015;600
16;AP;2015;293
26;PE;2015;3847
35;SP;2015;5427
17;TO;2015;503
23;CE;2016;3642
21;MA;2016;2408
24;RN;2016;1854
14;RR;2016;204
15;PA;2016;4223
16;AP;2016;381
22;PI;2016;701
26;PE;2016;4447
29;BA;2016;7171
53;DF;2016;760
42;SC;2016;984
50;MS;2016;671
13;AM;2016;1452
28;SE;2016;1465
35;SP;2016;4870
43;RS;2016;3225
11;RO;2016;703
27;AL;2016;1820
17;TO;2016;577
12;AC;2016;363
52;GO;2016;3036
32;ES;2016;1270
41;PR;2016;3080
25;PB;2016;1355
31;MG;2016;4622
51;MT;2016;1180
33;RJ;2016;6053
29;BA;2017;7487
25;PB;2017;1341
15;PA;2017;4575
16;AP;2017;383
12;AC;2017;516
26;PE;2017;5419
14;RR;2017;248
23;CE;2017;5433
33;RJ;2017;6416
50;MS;2017;659
32;ES;2017;1521
28;SE;2017;1313
52;GO;2017;2901
43;RS;2017;3316
41;PR;2017;2759
42;SC;2017;1066
53;DF;2017;610
31;MG;2017;4299
21;MA;2017;2180
22;PI;2017;626
27;AL;2017;1813
24;RN;2017;2203
13;AM;2017;1674
51;MT;2017;1102
17;TO;2017;557
35;SP;2017;4631
11;RO;2017;554
22;PI;2018;619
35;SP;2018;3727
26;PE;2018;4190
16;AP;2018;426
21;MA;2018;1982
50;MS;2018;572
27;AL;2018;1441
42;SC;2018;843
17;TO;2018;570
11;RO;2018;476
12;AC;2018;409
51;MT;2018;989
41;PR;2018;2443
14;RR;2018;414
52;GO;2018;2675
32;ES;2018;1165
43;RS;2018;2699
33;RJ;2018;6455
28;SE;2018;1133
25;PB;2018;1244
15;PA;2018;4528
24;RN;2018;1825
53;DF;2018;530
23;CE;2018;4900
29;BA;2018;6787
13;AM;2018;1542
31;MG;2018;3372
16;AP;2019;361
11;RO;2019;447
24;RN;2019;1346
29;BA;2019;6118
15;PA;2019;3405
43;RS;2019;2184
35;SP;2019;3361
33;RJ;2019;3552
42;SC;2019;767
13;AM;2019;1592
28;SE;2019;973
23;CE;2019;2417
50;MS;2019;491
41;PR;2019;2095
53;DF;2019;480
32;ES;2019;1043
27;AL;2019;1115
51;MT;2019;895
52;GO;2019;2253
21;MA;2019;1704
22;PI;2019;569
14;RR;2019;234
26;PE;2019;3474
31;MG;2019;2893
17;TO;2019;456
12;AC;2019;325
25;PB;2019;953
42;SC;2020;732
35;SP;2020;3396
43;RS;2020;2094
28;SE;2020;981
23;CE;2020;3992
21;MA;2020;2103
53;DF;2020;453
25;PB;2020;1141
32;ES;2020;1229
51;MT;2020;987
15;PA;2020;2809
16;AP;2020;387
50;MS;2020;491
24;RN;2020;1406
29;BA;2020;7076
52;GO;2020;2177
22;PI;2020;674
31;MG;2020;2743
33;RJ;2020;4831
17;TO;2020;484
11;RO;2020;456
12;AC;2020;304
27;AL;2020;1292
26;PE;2020;3786
13;AM;2020;1326
41;PR;2020;2281
14;RR;2020;237
24;RN;2021;1179
50;MS;2021;551
51;MT;2021;888
27;AL;2021;1070
52;GO;2021;1812
33;RJ;2021;4693
23;CE;2021;3471
13;AM;2021;1816
26;PE;2021;3439
35;SP;2021;3094
22;PI;2021;766
32;ES;2021;1253
42;SC;2021;712
31;MG;2021;2577
14;RR;2021;258
25;PB;2021;1144
29;BA;2021;7206
43;RS;2021;1889
12;AC;2021;205
28;SE;2021;790
41;PR;2021;2348
17;TO;2021;441
11;RO;2021;536
16;AP;2021;462
21;MA;2021;1999
53;DF;2021;401
15;PA;2021;2847
53;DF;2022;357
15;PA;2022;2901
17;TO;2022;454
42;SC;2022;671
11;RO;2022;601
28;SE;2022;770
24;RN;2022;1167
22;PI;2022;794
12;AC;2022;238
51;MT;2022;1077
31;MG;2022;2699
41;PR;2022;2600
33;RJ;2022;3762
52;GO;2022;1687
50;MS;2022;550
21;MA;2022;1942
27;AL;2022;1136
23;CE;2022;3030
35;SP;2022;3212
25;PB;2022;1105
43;RS;2022;1964
32;ES;2022;1147
29;BA;2022;6776
13;AM;2022;1771
14;RR;2022;231
16;AP;2022;358
26;PE;2022;3409
31;MG;2023;2795
21;MA;2023;2007
17;TO;2023;419
23;CE;2023;2992
52;GO;2023;1583
25;PB;2023;1079
14;RR;2023;219
11;RO;2023;552
12;AC;2023;217
50;MS;2023;584
43;RS;2023;1981
27;AL;2023;1194
32;ES;2023;1161
35;SP;2023;3043
26;PE;2023;3698
29;BA;2023;6615
13;AM;2023;1555
16;AP;2023;516
22;PI;2023;725
15;PA;2023;2542
41;PR;2023;2215
28;SE;2023;698
42;SC;2023;658
24;RN;2023;955
51;MT;2023;1105
53;DF;2023;348
33;RJ;2023;4291
