cod;nome;período;valor;populacao
12.0;AC;1989;95.0;
12.0;AC;1990;64.0;
12.0;AC;1991;106.0;417102.0
12.0;AC;1992;107.0;428006.0
12.0;AC;1993;116.0;437495.0
12.0;AC;1994;88.0;446480.0
12.0;AC;1995;103.0;455242.0
12.0;AC;1996;104.0;483593.0
12.0;AC;1997;100.0;500185.0
12.0;AC;1998;110.0;514050.0
12.0;AC;1999;51.0;527937.0
12.0;AC;2000;106.0;557882.0
12.0;AC;2001;121.0;574355.0
12.0;AC;2002;151.0;586942.0
12.0;AC;2003;147.0;600595.0
12.0;AC;2004;114.0;630328.0
12.0;AC;2005;124.0;669736.0
12.0;AC;2006;158.0;686652.0
12.0;AC;2007;137.0;655385.0
12.0;AC;2008;133.0;680073.0
12.0;AC;2009;153.0;691132.0
12.0;AC;2010;165.0;733559.0
12.0;AC;2011;164.0;746386.0
12.0;AC;2012;208.0;758786.0
12.0;AC;2013;234.0;776463.0
12.0;AC;2014;232.0;790101.0
12.0;AC;2015;217.0;803513.0
12.0;AC;2016;363.0;816687.0
12.0;AC;2017;516.0;829619.0
12.0;AC;2018;409.0;869265.0
12.0;AC;2019;325.0;881935.0
12.0;AC;2020;304.0;894470.0
12.0;AC;2021;205.0;906876.0
12.0;AC;2022;238.0;830018.0
12.0;AC;2023;217.0;830018.0
;AC;2024;;880631.0
;AC;2025;;884372.0
27.0;AL;1989;805.0;
27.0;AL;1990;719.0;
27.0;AL;1991;665.0;2512658.0
27.0;AL;1992;591.0;2548092.0
27.0;AL;1993;619.0;2604394.0
27.0;AL;1994;615.0;2645417.0
27.0;AL;1995;742.0;2685421.0
27.0;AL;1996;741.0;2633251.0
27.0;AL;1997;642.0;2663071.0
27.0;AL;1998;582.0;2688117.0
27.0;AL;1999;554.0;2713203.0
27.0;AL;2000;727.0;2827856.0
27.0;AL;2001;830.0;2856629.0
27.0;AL;2002;991.0;2887535.0
27.0;AL;2003;1039.0;2917664.0
27.0;AL;2004;1035.0;2980910.0
27.0;AL;2005;1203.0;3015912.0
27.0;AL;2006;1620.0;3050652.0
27.0;AL;2007;1836.0;3037231.0
27.0;AL;2008;1887.0;3127557.0
27.0;AL;2009;1873.0;3156108.0
27.0;AL;2010;2087.0;3120494.0
27.0;AL;2011;2244.0;3143384.0
27.0;AL;2012;2046.0;3165472.0
27.0;AL;2013;2148.0;3300935.0
27.0;AL;2014;2085.0;3321730.0
27.0;AL;2015;1748.0;3340932.0
27.0;AL;2016;1820.0;3358963.0
27.0;AL;2017;1813.0;3375823.0
27.0;AL;2018;1441.0;3322820.0
27.0;AL;2019;1115.0;3337357.0
27.0;AL;2020;1292.0;3351543.0
27.0;AL;2021;1070.0;3365351.0
27.0;AL;2022;1136.0;3127683.0
27.0;AL;2023;1194.0;3127683.0
;AL;2024;;3220104.0
;AL;2025;;3220848.0
13.0;AM;1989;321.0;
13.0;AM;1990;367.0;
13.0;AM;1991;403.0;2102766.0
13.0;AM;1992;351.0;2165852.0
13.0;AM;1993;350.0;2217600.0
13.0;AM;1994;387.0;2269555.0
13.0;AM;1995;425.0;2320221.0
13.0;AM;1996;450.0;2389279.0
13.0;AM;1997;468.0;2460602.0
13.0;AM;1998;534.0;2520684.0
13.0;AM;1999;527.0;2580860.0
13.0;AM;2000;552.0;2817253.0
13.0;AM;2001;485.0;2900240.0
13.0;AM;2002;513.0;2961801.0
13.0;AM;2003;558.0;3031068.0
13.0;AM;2004;526.0;3138726.0
13.0;AM;2005;599.0;3232330.0
13.0;AM;2006;699.0;3311026.0
13.0;AM;2007;715.0;3221940.0
13.0;AM;2008;830.0;3341096.0
13.0;AM;2009;916.0;3393369.0
13.0;AM;2010;1082.0;3483985.0
13.0;AM;2011;1292.0;3538387.0
13.0;AM;2012;1344.0;3590985.0
13.0;AM;2013;1191.0;3807921.0
13.0;AM;2014;1240.0;3873743.0
13.0;AM;2015;1472.0;3938336.0
13.0;AM;2016;1452.0;4001667.0
13.0;AM;2017;1674.0;4063614.0
13.0;AM;2018;1542.0;4080611.0
13.0;AM;2019;1592.0;4144597.0
13.0;AM;2020;1326.0;4207714.0
13.0;AM;2021;1816.0;4269995.0
13.0;AM;2022;1771.0;3941613.0
13.0;AM;2023;1555.0;3941613.0
;AM;2024;;4281209.0
;AM;2025;;4321616.0
16.0;AP;1989;39.0;
16.0;AP;1990;46.0;
16.0;AP;1991;54.0;289035.0
16.0;AP;1992;73.0;299305.0
16.0;AP;1993;66.0;308787.0
16.0;AP;1994;125.0;317597.0
16.0;AP;1995;124.0;326188.0
16.0;AP;1996;157.0;379459.0
16.0;AP;1997;140.0;401916.0
16.0;AP;1998;160.0;420834.0
16.0;AP;1999;192.0;439781.0
16.0;AP;2000;156.0;477032.0
16.0;AP;2001;182.0;498735.0
16.0;AP;2002;181.0;516511.0
16.0;AP;2003;185.0;534835.0
16.0;AP;2004;172.0;547400.0
16.0;AP;2005;196.0;594587.0
16.0;AP;2006;202.0;615715.0
16.0;AP;2007;172.0;587311.0
16.0;AP;2008;210.0;613164.0
16.0;AP;2009;190.0;626609.0
16.0;AP;2010;260.0;669526.0
16.0;AP;2011;209.0;684309.0
16.0;AP;2012;253.0;698602.0
16.0;AP;2013;225.0;734996.0
16.0;AP;2014;256.0;750912.0
16.0;AP;2015;293.0;766679.0
16.0;AP;2016;381.0;782295.0
16.0;AP;2017;383.0;797722.0
16.0;AP;2018;426.0;829494.0
16.0;AP;2019;361.0;845731.0
16.0;AP;2020;387.0;861773.0
16.0;AP;2021;462.0;877613.0
16.0;AP;2022;358.0;733759.0
16.0;AP;2023;516.0;733759.0
;AP;2024;;802837.0
;AP;2025;;806517.0
29.0;BA;1989;1086.0;
29.0;BA;1990;867.0;
29.0;BA;1991;596.0;11867336.0
29.0;BA;1992;840.0;12014023.0
29.0;BA;1993;1503.0;12278027.0
29.0;BA;1994;1739.0;12464316.0
29.0;BA;1995;1536.0;12645982.0
29.0;BA;1996;1883.0;12541675.0
29.0;BA;1997;1981.0;12709744.0
29.0;BA;1998;1271.0;12851268.0
29.0;BA;1999;913.0;12993011.0
29.0;BA;2000;1242.0;13085768.0
29.0;BA;2001;1622.0;13214114.0
29.0;BA;2002;1759.0;13323212.0
29.0;BA;2003;2166.0;13435612.0
29.0;BA;2004;2262.0;13682074.0
29.0;BA;2005;2881.0;13815334.0
29.0;BA;2006;3311.0;13950146.0
29.0;BA;2007;3659.0;14080670.0
29.0;BA;2008;4819.0;14502575.0
29.0;BA;2009;5432.0;14637364.0
29.0;BA;2010;5844.0;14016906.0
29.0;BA;2011;5549.0;14097534.0
29.0;BA;2012;6148.0;14175341.0
29.0;BA;2013;5694.0;15044137.0
29.0;BA;2014;6052.0;15126371.0
29.0;BA;2015;6012.0;15203334.0
29.0;BA;2016;7171.0;15276566.0
29.0;BA;2017;7487.0;15344447.0
29.0;BA;2018;6787.0;14812617.0
29.0;BA;2019;6118.0;14873064.0
29.0;BA;2020;7076.0;14930634.0
29.0;BA;2021;7206.0;14985284.0
29.0;BA;2022;6776.0;14141626.0
29.0;BA;2023;6615.0;14141626.0
;BA;2024;;14850513.0
;BA;2025;;14870907.0
23.0;CE;1989;607.0;
23.0;CE;1990;555.0;
23.0;CE;1991;607.0;6366132.0
23.0;CE;1992;537.0;6433713.0
23.0;CE;1993;702.0;6549847.0
23.0;CE;1994;636.0;6633080.0
23.0;CE;1995;845.0;6714246.0
23.0;CE;1996;885.0;6809290.0
23.0;CE;1997;1026.0;6920292.0
23.0;CE;1998;946.0;7013376.0
23.0;CE;1999;1104.0;7106605.0
23.0;CE;2000;1238.0;7431597.0
23.0;CE;2001;1284.0;7547620.0
23.0;CE;2002;1445.0;7654535.0
23.0;CE;2003;1563.0;7758441.0
23.0;CE;2004;1582.0;7976563.0
23.0;CE;2005;1699.0;8097276.0
23.0;CE;2006;1792.0;8217085.0
23.0;CE;2007;1933.0;8185250.0
23.0;CE;2008;2019.0;8450527.0
23.0;CE;2009;2165.0;8547809.0
23.0;CE;2010;2688.0;8452381.0
23.0;CE;2011;2792.0;8530155.0
23.0;CE;2012;3841.0;8606005.0
23.0;CE;2013;4473.0;8778576.0
23.0;CE;2014;4626.0;8842791.0
23.0;CE;2015;4163.0;8904459.0
23.0;CE;2016;3642.0;8963663.0
23.0;CE;2017;5433.0;9020460.0
23.0;CE;2018;4900.0;9075649.0
23.0;CE;2019;2417.0;9132078.0
23.0;CE;2020;3992.0;9187103.0
23.0;CE;2021;3471.0;9240580.0
23.0;CE;2022;3030.0;8794957.0
23.0;CE;2023;2992.0;8794957.0
;CE;2024;;9233656.0
;CE;2025;;9268836.0
53.0;DF;1989;331.0;
53.0;DF;1990;463.0;
53.0;DF;1991;489.0;1601093.0
53.0;DF;1992;424.0;1639035.0
53.0;DF;1993;553.0;1673151.0
53.0;DF;1994;556.0;1705889.0
53.0;DF;1995;629.0;1737813.0
53.0;DF;1996;615.0;1821946.0
53.0;DF;1997;613.0;1877015.0
53.0;DF;1998;633.0;1923406.0
53.0;DF;1999;659.0;1969868.0
53.0;DF;2000;687.0;2051146.0
53.0;DF;2001;693.0;2097447.0
53.0;DF;2002;641.0;2145839.0
53.0;DF;2003;742.0;2189789.0
53.0;DF;2004;696.0;2282049.0
53.0;DF;2005;657.0;2333108.0
53.0;DF;2006;660.0;2383784.0
53.0;DF;2007;711.0;2455903.0
53.0;DF;2008;812.0;2557158.0
53.0;DF;2009;882.0;2606885.0
53.0;DF;2010;786.0;2570160.0
53.0;DF;2011;902.0;2609998.0
53.0;DF;2012;954.0;2648532.0
53.0;DF;2013;837.0;2789761.0
53.0;DF;2014;843.0;2852372.0
53.0;DF;2015;742.0;2914830.0
53.0;DF;2016;760.0;2977216.0
53.0;DF;2017;610.0;3039444.0
53.0;DF;2018;530.0;2974703.0
53.0;DF;2019;480.0;3015268.0
53.0;DF;2020;453.0;3055149.0
53.0;DF;2021;401.0;3094325.0
53.0;DF;2022;357.0;2817381.0
53.0;DF;2023;348.0;2817381.0
;DF;2024;;2982818.0
;DF;2025;;2996899.0
32.0;ES;1989;845.0;
32.0;ES;1990;881.0;
32.0;ES;1991;968.0;2600619.0
32.0;ES;1992;839.0;2649747.0
32.0;ES;1993;1098.0;2698687.0
32.0;ES;1994;1166.0;2743243.0
32.0;ES;1995;1154.0;2786692.0
32.0;ES;1996;1191.0;2802707.0
32.0;ES;1997;1416.0;2853098.0
32.0;ES;1998;1675.0;2895547.0
32.0;ES;1999;1524.0;2938062.0
32.0;ES;2000;1435.0;3097497.0
32.0;ES;2001;1452.0;3155016.0
32.0;ES;2002;1644.0;3201722.0
32.0;ES;2003;1629.0;3250219.0
32.0;ES;2004;1619.0;3352024.0
32.0;ES;2005;1602.0;3408365.0
32.0;ES;2006;1762.0;3464285.0
32.0;ES;2007;1877.0;3351669.0
32.0;ES;2008;1947.0;3453648.0
32.0;ES;2009;1985.0;3487199.0
32.0;ES;2010;1792.0;3514952.0
32.0;ES;2011;1672.0;3547055.0
32.0;ES;2012;1667.0;3578067.0
32.0;ES;2013;1622.0;3839366.0
32.0;ES;2014;1609.0;3885049.0
32.0;ES;2015;1450.0;3929911.0
32.0;ES;2016;1270.0;3973697.0
32.0;ES;2017;1521.0;4016356.0
32.0;ES;2018;1165.0;3972388.0
32.0;ES;2019;1043.0;4018650.0
32.0;ES;2020;1229.0;4064052.0
32.0;ES;2021;1253.0;4108508.0
32.0;ES;2022;1147.0;3833712.0
32.0;ES;2023;1161.0;3833712.0
;ES;2024;;4102129.0
;ES;2025;;4126854.0
52.0;GO;1989;810.0;
52.0;GO;1990;681.0;
52.0;GO;1991;852.0;4017506.0
52.0;GO;1992;828.0;4098513.0
52.0;GO;1993;734.0;4171489.0
52.0;GO;1994;774.0;4240812.0
52.0;GO;1995;784.0;4308415.0
52.0;GO;1996;782.0;4514967.0
52.0;GO;1997;744.0;4639785.0
52.0;GO;1998;704.0;4744174.0
52.0;GO;1999;853.0;4848725.0
52.0;GO;2000;1085.0;5004196.0
52.0;GO;2001;1167.0;5116462.0
52.0;GO;2002;1370.0;5210335.0
52.0;GO;2003;1346.0;5306459.0
52.0;GO;2004;1524.0;5508245.0
52.0;GO;2005;1468.0;5619917.0
52.0;GO;2006;1509.0;5730753.0
52.0;GO;2007;1521.0;5647035.0
52.0;GO;2008;1792.0;5844996.0
52.0;GO;2009;1902.0;5926300.0
52.0;GO;2010;1979.0;6003788.0
52.0;GO;2011;2272.0;6080716.0
52.0;GO;2012;2793.0;6154996.0
52.0;GO;2013;2975.0;6434048.0
52.0;GO;2014;2887.0;6523222.0
52.0;GO;2015;2997.0;6610681.0
52.0;GO;2016;3036.0;6695855.0
52.0;GO;2017;2901.0;6778772.0
52.0;GO;2018;2675.0;6921161.0
52.0;GO;2019;2253.0;7018354.0
52.0;GO;2020;2177.0;7113540.0
52.0;GO;2021;1812.0;7206589.0
52.0;GO;2022;1687.0;7056495.0
52.0;GO;2023;1583.0;7056495.0
;GO;2024;;7350483.0
;GO;2025;;7423629.0
21.0;MA;1989;411.0;
21.0;MA;1990;442.0;
21.0;MA;1991;470.0;4929676.0
21.0;MA;1992;427.0;4990749.0
21.0;MA;1993;394.0;5088898.0
21.0;MA;1994;314.0;5160974.0
21.0;MA;1995;385.0;5231261.0
21.0;MA;1996;363.0;5222183.0
21.0;MA;1997;333.0;5295452.0
21.0;MA;1998;278.0;5356853.0
21.0;MA;1999;262.0;5418349.0
21.0;MA;2000;352.0;5657553.0
21.0;MA;2001;563.0;5730467.0
21.0;MA;2002;606.0;5803224.0
21.0;MA;2003;795.0;5873655.0
21.0;MA;2004;732.0;6021504.0
21.0;MA;2005;935.0;6103327.0
21.0;MA;2006;969.0;6184538.0
21.0;MA;2007;1127.0;6118995.0
21.0;MA;2008;1277.0;6305539.0
21.0;MA;2009;1398.0;6367138.0
21.0;MA;2010;1519.0;6574789.0
21.0;MA;2011;1591.0;6645761.0
21.0;MA;2012;1777.0;6714314.0
21.0;MA;2013;2163.0;6794301.0
21.0;MA;2014;2462.0;6850884.0
21.0;MA;2015;2438.0;6904241.0
21.0;MA;2016;2408.0;6954036.0
21.0;MA;2017;2180.0;7000229.0
21.0;MA;2018;1982.0;7035055.0
21.0;MA;2019;1704.0;7075181.0
21.0;MA;2020;2103.0;7114598.0
21.0;MA;2021;1999.0;7153262.0
21.0;MA;2022;1942.0;6776699.0
21.0;MA;2023;2007.0;6776699.0
;MA;2024;;7010960.0
;MA;2025;;7018211.0
31.0;MG;1989;1216.0;
31.0;MG;1990;1178.0;
31.0;MG;1991;1232.0;15743536.0
31.0;MG;1992;1131.0;15941939.0
31.0;MG;1993;1211.0;16144856.0
31.0;MG;1994;1118.0;16327360.0
31.0;MG;1995;1214.0;16505334.0
31.0;MG;1996;1261.0;16672613.0
31.0;MG;1997;1347.0;16904977.0
31.0;MG;1998;1511.0;17100314.0
31.0;MG;1999;1596.0;17295955.0
31.0;MG;2000;2109.0;17905135.0
31.0;MG;2001;2366.0;18127096.0
31.0;MG;2002;2994.0;18343517.0
31.0;MG;2003;3869.0;18553312.0
31.0;MG;2004;4286.0;18993720.0
31.0;MG;2005;4223.0;19237450.0
31.0;MG;2006;4177.0;19479356.0
31.0;MG;2007;4125.0;19273533.0
31.0;MG;2008;3889.0;19850072.0
31.0;MG;2009;3742.0;20033665.0
31.0;MG;2010;3646.0;19597330.0
31.0;MG;2011;4262.0;19728701.0
31.0;MG;2012;4562.0;19855332.0
31.0;MG;2013;4717.0;20593356.0
31.0;MG;2014;4724.0;20734097.0
31.0;MG;2015;4532.0;20869101.0
31.0;MG;2016;4622.0;20997560.0
31.0;MG;2017;4299.0;21119536.0
31.0;MG;2018;3372.0;21040662.0
31.0;MG;2019;2893.0;21168791.0
31.0;MG;2020;2743.0;21292666.0
31.0;MG;2021;2577.0;21411923.0
31.0;MG;2022;2699.0;20539989.0
31.0;MG;2023;2795.0;20539989.0
;MG;2024;;21322691.0
;MG;2025;;21393441.0
50.0;MS;1989;371.0;
50.0;MS;1990;348.0;
50.0;MS;1991;388.0;1780385.0
50.0;MS;1992;423.0;1818175.0
50.0;MS;1993;457.0;1850162.0
50.0;MS;1994;522.0;1881868.0
50.0;MS;1995;636.0;1912788.0
50.0;MS;1996;722.0;1927834.0
50.0;MS;1997;729.0;1964603.0
50.0;MS;1998;670.0;1995578.0
50.0;MS;1999;571.0;2026600.0
50.0;MS;2000;651.0;2078070.0
50.0;MS;2001;621.0;2111036.0
50.0;MS;2002;684.0;2140624.0
50.0;MS;2003;705.0;2169688.0
50.0;MS;2004;656.0;2230702.0
50.0;MS;2005;631.0;2264468.0
50.0;MS;2006;683.0;2297981.0
50.0;MS;2007;710.0;2265813.0
50.0;MS;2008;699.0;2336058.0
50.0;MS;2009;725.0;2360498.0
50.0;MS;2010;656.0;2449024.0
50.0;MS;2011;673.0;2477542.0
50.0;MS;2012;683.0;2505088.0
50.0;MS;2013;630.0;2587269.0
50.0;MS;2014;700.0;2619657.0
50.0;MS;2015;634.0;2651235.0
50.0;MS;2016;671.0;2682386.0
50.0;MS;2017;659.0;2713147.0
50.0;MS;2018;572.0;2748023.0
50.0;MS;2019;491.0;2778986.0
50.0;MS;2020;491.0;2809394.0
50.0;MS;2021;551.0;2839188.0
50.0;MS;2022;550.0;2757013.0
50.0;MS;2023;584.0;2757013.0
;MS;2024;;2901895.0
;MS;2025;;2924631.0
51.0;MT;1989;471.0;
51.0;MT;1990;415.0;
51.0;MT;1991;452.0;2026069.0
51.0;MT;1992;355.0;2107698.0
51.0;MT;1993;356.0;2178178.0
51.0;MT;1994;316.0;2246757.0
51.0;MT;1995;583.0;2313634.0
51.0;MT;1996;660.0;2235832.0
51.0;MT;1997;766.0;2287846.0
51.0;MT;1998;832.0;2331663.0
51.0;MT;1999;822.0;2375549.0
51.0;MT;2000;990.0;2505245.0
51.0;MT;2001;973.0;2560584.0
51.0;MT;2002;948.0;2604742.0
51.0;MT;2003;908.0;2651335.0
51.0;MT;2004;853.0;2749145.0
51.0;MT;2005;907.0;2803274.0
51.0;MT;2006;896.0;2856999.0
51.0;MT;2007;889.0;2854642.0
51.0;MT;2008;937.0;2957732.0
51.0;MT;2009;1000.0;3001692.0
51.0;MT;2010;972.0;3035122.0
51.0;MT;2011;1009.0;3075936.0
51.0;MT;2012;1074.0;3115336.0
51.0;MT;2013;1158.0;3182113.0
51.0;MT;2014;1358.0;3224357.0
51.0;MT;2015;1203.0;3265486.0
51.0;MT;2016;1180.0;3305531.0
51.0;MT;2017;1102.0;3344544.0
51.0;MT;2018;989.0;3441998.0
51.0;MT;2019;895.0;3484466.0
51.0;MT;2020;987.0;3526220.0
51.0;MT;2021;888.0;3567234.0
51.0;MT;2022;1077.0;3658649.0
51.0;MT;2023;1105.0;3658649.0
;MT;2024;;3836399.0
;MT;2025;;3887782.0
15.0;PA;1989;666.0;
15.0;PA;1990;748.0;
15.0;PA;1991;810.0;4949222.0
15.0;PA;1992;759.0;5328133.0
15.0;PA;1993;623.0;5212812.0
15.0;PA;1994;716.0;5332187.0
15.0;PA;1995;700.0;5448598.0
15.0;PA;1996;700.0;5510849.0
15.0;PA;1997;754.0;5650681.0
15.0;PA;1998;774.0;5768476.0
15.0;PA;1999;642.0;5886454.0
15.0;PA;2000;806.0;6195965.0
15.0;PA;2001;966.0;6341736.0
15.0;PA;2002;1192.0;6453683.0
15.0;PA;2003;1405.0;6574993.0
15.0;PA;2004;1519.0;6850181.0
15.0;PA;2005;1926.0;6970586.0
15.0;PA;2006;2073.0;7110465.0
15.0;PA;2007;2194.0;7090378.0
15.0;PA;2008;2860.0;7321493.0
15.0;PA;2009;2989.0;7397238.0
15.0;PA;2010;3521.0;7581051.0
15.0;PA;2011;3073.0;7688593.0
15.0;PA;2012;3236.0;7792561.0
15.0;PA;2013;3405.0;7969654.0
15.0;PA;2014;3446.0;8073924.0
15.0;PA;2015;3675.0;8175113.0
15.0;PA;2016;4223.0;8272724.0
15.0;PA;2017;4575.0;8366628.0
15.0;PA;2018;4528.0;8513497.0
15.0;PA;2019;3405.0;8602865.0
15.0;PA;2020;2809.0;8690745.0
15.0;PA;2021;2847.0;8777124.0
15.0;PA;2022;2901.0;8120131.0
15.0;PA;2023;2542.0;8120131.0
;PA;2024;;8664306.0
;PA;2025;;8711196.0
25.0;PB;1989;461.0;
25.0;PB;1990;440.0;
25.0;PB;1991;401.0;3201324.0
25.0;PB;1992;355.0;3229163.0
25.0;PB;1993;365.0;3274323.0
25.0;PB;1994;385.0;3307583.0
25.0;PB;1995;457.0;3340018.0
25.0;PB;1996;636.0;3305616.0
25.0;PB;1997;492.0;3331673.0
25.0;PB;1998;455.0;3353624.0
25.0;PB;1999;403.0;3375609.0
25.0;PB;2000;507.0;3444794.0
25.0;PB;2001;484.0;3468594.0
25.0;PB;2002;607.0;3494893.0
25.0;PB;2003;616.0;3518595.0
25.0;PB;2004;675.0;3568350.0
25.0;PB;2005;745.0;3595886.0
25.0;PB;2006;825.0;3623215.0
25.0;PB;2007;864.0;3641397.0
25.0;PB;2008;1029.0;3742606.0
25.0;PB;2009;1263.0;3769977.0
25.0;PB;2010;1455.0;3766528.0
25.0;PB;2011;1614.0;3791315.0
25.0;PB;2012;1525.0;3815171.0
25.0;PB;2013;1551.0;3914421.0
25.0;PB;2014;1551.0;3943885.0
25.0;PB;2015;1522.0;3972202.0
25.0;PB;2016;1355.0;3999415.0
25.0;PB;2017;1341.0;4025558.0
25.0;PB;2018;1244.0;3996496.0
25.0;PB;2019;953.0;4018127.0
25.0;PB;2020;1141.0;4039277.0
25.0;PB;2021;1144.0;4059905.0
25.0;PB;2022;1105.0;3974687.0
25.0;PB;2023;1079.0;3974687.0
;PB;2024;;4145040.0
;PB;2025;;4164468.0
26.0;PE;1989;2553.0;
26.0;PE;1990;2742.0;
26.0;PE;1991;2944.0;7127956.0
26.0;PE;1992;2531.0;7187355.0
26.0;PE;1993;2763.0;7295118.0
26.0;PE;1994;2593.0;7371110.0
26.0;PE;1995;2706.0;7445216.0
26.0;PE;1996;3022.0;7399071.0
26.0;PE;1997;3713.0;7466773.0
26.0;PE;1998;4423.0;7523755.0
26.0;PE;1999;4217.0;7580826.0
26.0;PE;2000;4290.0;7929153.0
26.0;PE;2001;4710.0;8008207.0
26.0;PE;2002;4396.0;8084667.0
26.0;PE;2003;4517.0;8161862.0
26.0;PE;2004;4174.0;8323911.0
26.0;PE;2005;4330.0;8413593.0
26.0;PE;2006;4472.0;8502603.0
26.0;PE;2007;4557.0;8486638.0
26.0;PE;2008;4446.0;8734194.0
26.0;PE;2009;3963.0;8810256.0
26.0;PE;2010;3473.0;8796448.0
26.0;PE;2011;3471.0;8864906.0
26.0;PE;2012;3327.0;8931028.0
26.0;PE;2013;3124.0;9208550.0
26.0;PE;2014;3358.0;9277727.0
26.0;PE;2015;3847.0;9345173.0
26.0;PE;2016;4447.0;9410336.0
26.0;PE;2017;5419.0;9473266.0
26.0;PE;2018;4190.0;9496294.0
26.0;PE;2019;3474.0;9557071.0
26.0;PE;2020;3786.0;9616621.0
26.0;PE;2021;3439.0;9674793.0
26.0;PE;2022;3409.0;9058931.0
26.0;PE;2023;3698.0;9056843.0
;PE;2024;;9539029.0
;PE;2025;;9562007.0
22.0;PI;1989;142.0;
22.0;PI;1990;109.0;
22.0;PI;1991;103.0;2582075.0
22.0;PI;1992;92.0;2610476.0
22.0;PI;1993;117.0;2657415.0
22.0;PI;1994;99.0;2691615.0
22.0;PI;1995;114.0;2724967.0
22.0;PI;1996;117.0;2673085.0
22.0;PI;1997;142.0;2695876.0
22.0;PI;1998;140.0;2714999.0
22.0;PI;1999;133.0;2734152.0
22.0;PI;2000;230.0;2843427.0
22.0;PI;2001;262.0;2873010.0
22.0;PI;2002;308.0;2898223.0
22.0;PI;2003;298.0;2923725.0
22.0;PI;2004;327.0;2977259.0
22.0;PI;2005;368.0;3006885.0
22.0;PI;2006;418.0;3036290.0
22.0;PI;2007;383.0;3032435.0
22.0;PI;2008;361.0;3119697.0
22.0;PI;2009;385.0;3145325.0
22.0;PI;2010;411.0;3118360.0
22.0;PI;2011;440.0;3140328.0
22.0;PI;2012;525.0;3160748.0
22.0;PI;2013;598.0;3184166.0
22.0;PI;2014;717.0;3194718.0
22.0;PI;2015;650.0;3204028.0
22.0;PI;2016;701.0;3212180.0
22.0;PI;2017;626.0;3219257.0
22.0;PI;2018;619.0;3264531.0
22.0;PI;2019;569.0;3273227.0
22.0;PI;2020;674.0;3281480.0
22.0;PI;2021;766.0;3289290.0
22.0;PI;2022;794.0;3271199.0
22.0;PI;2023;725.0;3271199.0
;PI;2024;;3375646.0
;PI;2025;;3384547.0
41.0;PR;1989;1112.0;
41.0;PR;1990;1167.0;
41.0;PR;1991;1225.0;8448620.0
41.0;PR;1992;1092.0;8511279.0
41.0;PR;1993;1237.0;8587901.0
41.0;PR;1994;1260.0;8651138.0
41.0;PR;1995;1387.0;8712805.0
41.0;PR;1996;1379.0;9003804.0
41.0;PR;1997;1581.0;9142215.0
41.0;PR;1998;1625.0;9258813.0
41.0;PR;1999;1706.0;9375592.0
41.0;PR;2000;1789.0;9564643.0
41.0;PR;2001;2052.0;9694709.0
41.0;PR;2002;2266.0;9798006.0
41.0;PR;2003;2555.0;9906866.0
41.0;PR;2004;2826.0;10135388.0
41.0;PR;2005;2977.0;10261856.0
41.0;PR;2006;3098.0;10387378.0
41.0;PR;2007;3105.0;10284503.0
41.0;PR;2008;3445.0;10590169.0
41.0;PR;2009;3698.0;10686247.0
41.0;PR;2010;3586.0;10444526.0
41.0;PR;2011;3376.0;10512349.0
41.0;PR;2012;3489.0;10577755.0
41.0;PR;2013;2936.0;10997465.0
41.0;PR;2014;2980.0;11081692.0
41.0;PR;2015;2936.0;11163018.0
41.0;PR;2016;3080.0;11242720.0
41.0;PR;2017;2759.0;11320892.0
41.0;PR;2018;2443.0;11348937.0
41.0;PR;2019;2095.0;11433957.0
41.0;PR;2020;2281.0;11516840.0
41.0;PR;2021;2348.0;11597484.0
41.0;PR;2022;2600.0;11444380.0
41.0;PR;2023;2215.0;11444380.0
;PR;2024;;11824665.0
;PR;2025;;11890517.0
33.0;RJ;1989;4290.0;
33.0;RJ;1990;7101.0;
33.0;RJ;1991;5055.0;12807197.0
33.0;RJ;1992;4536.0;12916705.0
33.0;RJ;1993;5367.0;13065279.0
33.0;RJ;1994;6420.0;13182301.0
33.0;RJ;1995;8218.0;13296419.0
33.0;RJ;1996;8034.0;13406308.0
33.0;RJ;1997;7954.0;13555657.0
33.0;RJ;1998;7573.0;13681410.0
33.0;RJ;1999;7261.0;13807358.0
33.0;RJ;2000;7350.0;14392106.0
33.0;RJ;2001;7362.0;14558545.0
33.0;RJ;2002;8335.0;14724475.0
33.0;RJ;2003;8115.0;14879118.0
33.0;RJ;2004;7731.0;15203750.0
33.0;RJ;2005;7408.0;15383407.0
33.0;RJ;2006;7389.0;15561720.0
33.0;RJ;2007;6551.0;15420450.0
33.0;RJ;2008;5662.0;15872362.0
33.0;RJ;2009;5365.0;16010429.0
33.0;RJ;2010;5667.0;15989929.0
33.0;RJ;2011;4781.0;16112678.0
33.0;RJ;2012;4772.0;16231365.0
33.0;RJ;2013;5111.0;16369179.0
33.0;RJ;2014;5718.0;16461173.0
33.0;RJ;2015;5067.0;16550024.0
33.0;RJ;2016;6053.0;16635996.0
33.0;RJ;2017;6416.0;16718956.0
33.0;RJ;2018;6455.0;17159960.0
33.0;RJ;2019;3552.0;17264943.0
33.0;RJ;2020;4831.0;17366189.0
33.0;RJ;2021;4693.0;17463349.0
33.0;RJ;2022;3762.0;16055174.0
33.0;RJ;2023;4291.0;16055174.0
;RJ;2024;;17219679.0
;RJ;2025;;17223547.0
24.0;RN;1989;236.0;
24.0;RN;1990;200.0;
24.0;RN;1991;219.0;2415077.0
24.0;RN;1992;199.0;2448267.0
24.0;RN;1993;243.0;2503463.0
24.0;RN;1994;211.0;2543397.0
24.0;RN;1995;247.0;2582339.0
24.0;RN;1996;241.0;2558660.0
24.0;RN;1997;235.0;2594340.0
24.0;RN;1998;222.0;2624397.0
24.0;RN;1999;224.0;2654501.0
24.0;RN;2000;257.0;2777509.0
24.0;RN;2001;322.0;2815244.0
24.0;RN;2002;299.0;2852784.0
24.0;RN;2003;405.0;2888058.0
24.0;RN;2004;344.0;2962107.0
24.0;RN;2005;406.0;3003087.0
24.0;RN;2006;455.0;3043760.0
24.0;RN;2007;589.0;3013740.0
24.0;RN;2008;714.0;3106430.0
24.0;RN;2009;800.0;3137541.0
24.0;RN;2010;810.0;3168027.0
24.0;RN;2011;1054.0;3198657.0
24.0;RN;2012;1124.0;3228198.0
24.0;RN;2013;1447.0;3373959.0
24.0;RN;2014;1602.0;3408510.0
24.0;RN;2015;1545.0;3442175.0
24.0;RN;2016;1854.0;3474998.0
24.0;RN;2017;2203.0;3507003.0
24.0;RN;2018;1825.0;3479010.0
24.0;RN;2019;1346.0;3506853.0
24.0;RN;2020;1406.0;3534165.0
24.0;RN;2021;1179.0;3560903.0
24.0;RN;2022;1167.0;3302729.0
24.0;RN;2023;955.0;3302729.0
;RN;2024;;3446071.0
;RN;2025;;3455236.0
11.0;RO;1989;490.0;
11.0;RO;1990;555.0;
11.0;RO;1991;491.0;1133265.0
11.0;RO;1992;395.0;1190739.0
11.0;RO;1993;498.0;1241693.0
11.0;RO;1994;399.0;1291214.0
11.0;RO;1995;330.0;1339507.0
11.0;RO;1996;301.0;1229306.0
11.0;RO;1997;355.0;1255522.0
11.0;RO;1998;494.0;1276173.0
11.0;RO;1999;432.0;1296856.0
11.0;RO;2000;466.0;1380952.0
11.0;RO;2001;573.0;1407886.0
11.0;RO;2002;615.0;1431777.0
11.0;RO;2003;566.0;1455907.0
11.0;RO;2004;563.0;1562085.0
11.0;RO;2005;555.0;1534594.0
11.0;RO;2006;585.0;1562417.0
11.0;RO;2007;432.0;1453756.0
11.0;RO;2008;480.0;1493566.0
11.0;RO;2009;538.0;1503928.0
11.0;RO;2010;546.0;1562409.0
11.0;RO;2011;450.0;1576455.0
11.0;RO;2012;526.0;1590011.0
11.0;RO;2013;483.0;1728214.0
11.0;RO;2014;578.0;1748531.0
11.0;RO;2015;600.0;1768204.0
11.0;RO;2016;703.0;1787279.0
11.0;RO;2017;554.0;1805788.0
11.0;RO;2018;476.0;1757589.0
11.0;RO;2019;447.0;1777225.0
11.0;RO;2020;456.0;1796460.0
11.0;RO;2021;536.0;1815278.0
11.0;RO;2022;601.0;1581196.0
11.0;RO;2023;552.0;1581196.0
;RO;2024;;1746227.0
;RO;2025;;1751950.0
14.0;RR;1989;113.0;
14.0;RR;1990;127.0;
14.0;RR;1991;79.0;217583.0
14.0;RR;1992;95.0;228749.0
14.0;RR;1993;69.0;241099.0
14.0;RR;1994;78.0;251783.0
14.0;RR;1995;87.0;262201.0
14.0;RR;1996;107.0;247131.0
14.0;RR;1997;90.0;254499.0
14.0;RR;1998;134.0;260705.0
14.0;RR;1999;154.0;266922.0
14.0;RR;2000;130.0;324397.0
14.0;RR;2001;108.0;337237.0
14.0;RR;2002;122.0;346871.0
14.0;RR;2003;106.0;357302.0
14.0;RR;2004;85.0;381896.0
14.0;RR;2005;95.0;391317.0
14.0;RR;2006;111.0;403344.0
14.0;RR;2007;116.0;395725.0
14.0;RR;2008;105.0;412783.0
14.0;RR;2009;118.0;421499.0
14.0;RR;2010;121.0;450479.0
14.0;RR;2011;95.0;460165.0
14.0;RR;2012;144.0;469524.0
14.0;RR;2013;214.0;488072.0
14.0;RR;2014;158.0;496936.0
14.0;RR;2015;203.0;505665.0
14.0;RR;2016;204.0;514229.0
14.0;RR;2017;248.0;522636.0
14.0;RR;2018;414.0;576568.0
14.0;RR;2019;234.0;605761.0
14.0;RR;2020;237.0;631181.0
14.0;RR;2021;258.0;652713.0
14.0;RR;2022;231.0;636707.0
14.0;RR;2023;219.0;636707.0
;RR;2024;;716793.0
;RR;2025;;738772.0
43.0;RS;1989;1561.0;
43.0;RS;1990;1704.0;
43.0;RS;1991;1694.0;9138463.0
43.0;RS;1992;1570.0;9249199.0
43.0;RS;1993;1177.0;9370531.0
43.0;RS;1994;1334.0;9475871.0
43.0;RS;1995;1439.0;9578597.0
43.0;RS;1996;1482.0;9634688.0
43.0;RS;1997;1648.0;9762110.0
43.0;RS;1998;1524.0;9866928.0
43.0;RS;1999;1533.0;9971910.0
43.0;RS;2000;1668.0;10187842.0
43.0;RS;2001;1854.0;10309819.0
43.0;RS;2002;1912.0;10408540.0
43.0;RS;2003;1908.0;10510992.0
43.0;RS;2004;1982.0;10726063.0
43.0;RS;2005;2021.0;10845087.0
43.0;RS;2006;1983.0;10963219.0
43.0;RS;2007;2199.0;10582887.0
43.0;RS;2008;2380.0;10855214.0
43.0;RS;2009;2242.0;10914128.0
43.0;RS;2010;2085.0;10693929.0
43.0;RS;2011;2077.0;10733030.0
43.0;RS;2012;2382.0;10770603.0
43.0;RS;2013;2322.0;11164043.0
43.0;RS;2014;2724.0;11207274.0
43.0;RS;2015;2944.0;11247972.0
43.0;RS;2016;3225.0;11286500.0
43.0;RS;2017;3316.0;11322895.0
43.0;RS;2018;2699.0;11329605.0
43.0;RS;2019;2184.0;11377239.0
43.0;RS;2020;2094.0;11422973.0
43.0;RS;2021;1889.0;11466630.0
43.0;RS;2022;1964.0;10882965.0
43.0;RS;2023;1981.0;10882965.0
;RS;2024;;11229915.0
;RS;2025;;11233263.0
42.0;SC;1989;354.0;
42.0;SC;1990;388.0;
42.0;SC;1991;355.0;4542048.0
42.0;SC;1992;361.0;4614268.0
42.0;SC;1993;371.0;4697277.0
42.0;SC;1994;346.0;4767826.0
42.0;SC;1995;420.0;4836624.0
42.0;SC;1996;412.0;4875244.0
42.0;SC;1997;423.0;4958339.0
42.0;SC;1998;414.0;5028339.0
42.0;SC;1999;385.0;5098448.0
42.0;SC;2000;433.0;5357862.0
42.0;SC;2001;477.0;5448736.0
42.0;SC;2002;585.0;5527707.0
42.0;SC;2003;670.0;5607233.0
42.0;SC;2004;638.0;5774178.0
42.0;SC;2005;633.0;5866568.0
42.0;SC;2006;666.0;5958266.0
42.0;SC;2007;632.0;5866487.0
42.0;SC;2008;802.0;6052587.0
42.0;SC;2009;820.0;6118743.0
42.0;SC;2010;823.0;6248436.0
42.0;SC;2011;811.0;6317054.0
42.0;SC;2012;821.0;6383286.0
42.0;SC;2013;789.0;6634254.0
42.0;SC;2014;905.0;6727148.0
42.0;SC;2015;957.0;6819190.0
42.0;SC;2016;984.0;6910553.0
42.0;SC;2017;1066.0;7001161.0
42.0;SC;2018;843.0;7075494.0
42.0;SC;2019;767.0;7164788.0
42.0;SC;2020;732.0;7252502.0
42.0;SC;2021;712.0;7338473.0
42.0;SC;2022;671.0;7610361.0
42.0;SC;2023;658.0;7610361.0
;SC;2024;;8058441.0
;SC;2025;;8187029.0
28.0;SE;1989;139.0;
28.0;SE;1990;151.0;
28.0;SE;1991;317.0;1491878.0
28.0;SE;1992;461.0;1515142.0
28.0;SE;1993;312.0;1551633.0
28.0;SE;1994;344.0;1578782.0
28.0;SE;1995;255.0;1605257.0
28.0;SE;1996;238.0;1624020.0
28.0;SE;1997;190.0;1657164.0
28.0;SE;1998;175.0;1684953.0
28.0;SE;1999;329.0;1712786.0
28.0;SE;2000;410.0;1784829.0
28.0;SE;2001;518.0;1817301.0
28.0;SE;2002;556.0;1846039.0
28.0;SE;2003;469.0;1874613.0
28.0;SE;2004;454.0;1934596.0
28.0;SE;2005;487.0;1967791.0
28.0;SE;2006;585.0;2000738.0
28.0;SE;2007;522.0;1939426.0
28.0;SE;2008;555.0;1999374.0
28.0;SE;2009;653.0;2019679.0
28.0;SE;2010;676.0;2068017.0
28.0;SE;2011;731.0;2089819.0
28.0;SE;2012;879.0;2110867.0
28.0;SE;2013;965.0;2195662.0
28.0;SE;2014;1097.0;2219574.0
28.0;SE;2015;1303.0;2242937.0
28.0;SE;2016;1465.0;2265779.0
28.0;SE;2017;1313.0;2288116.0
28.0;SE;2018;1133.0;2278308.0
28.0;SE;2019;973.0;2298696.0
28.0;SE;2020;981.0;2318822.0
28.0;SE;2021;790.0;2338474.0
28.0;SE;2022;770.0;2210004.0
28.0;SE;2023;698.0;2210004.0
;SE;2024;;2291077.0
;SE;2025;;2299425.0
35.0;SP;1989;9179.0;
35.0;SP;1990;9503.0;
35.0;SP;1991;9685.0;31588794.0
35.0;SP;1992;9116.0;32126058.0
35.0;SP;1993;9224.0;32701353.0
35.0;SP;1994;9981.0;33206755.0
35.0;SP;1995;11555.0;33699614.0
35.0;SP;1996;12320.0;34119110.0
35.0;SP;1997;12537.0;34752225.0
35.0;SP;1998;13986.0;35284072.0
35.0;SP;1999;15763.0;35816740.0
35.0;SP;2000;15591.0;37035455.0
35.0;SP;2001;15773.0;37630106.0
35.0;SP;2002;14526.0;38177742.0
35.0;SP;2003;14048.0;38709320.0
35.0;SP;2004;11336.0;39825226.0
35.0;SP;2005;8870.0;40442795.0
35.0;SP;2006;8377.0;41055734.0
35.0;SP;2007;6437.0;39827690.0
35.0;SP;2008;6332.0;41011635.0
35.0;SP;2009;6557.0;41384039.0
35.0;SP;2010;6039.0;41262199.0
35.0;SP;2011;5842.0;41587182.0
35.0;SP;2012;6566.0;41901219.0
35.0;SP;2013;6035.0;43663669.0
35.0;SP;2014;6185.0;44035304.0
35.0;SP;2015;5427.0;44396484.0
35.0;SP;2016;4870.0;44749699.0
35.0;SP;2017;4631.0;45094866.0
35.0;SP;2018;3727.0;45538936.0
35.0;SP;2019;3361.0;45919049.0
35.0;SP;2020;3396.0;46289333.0
35.0;SP;2021;3094.0;46649132.0
35.0;SP;2022;3212.0;44411238.0
35.0;SP;2023;3043.0;44411238.0
;SP;2024;;45973194.0
;SP;2025;;46081801.0
17.0;TO;1989;63.0;
17.0;TO;1990;54.0;
17.0;TO;1991;92.0;918400.0
17.0;TO;1992;67.0;946604.0
17.0;TO;1993;93.0;970259.0
17.0;TO;1994;109.0;990760.0
17.0;TO;1995;77.0;1007041.0
17.0;TO;1996;126.0;1048642.0
17.0;TO;1997;112.0;1080753.0
17.0;TO;1998;129.0;1107803.0
17.0;TO;1999;137.0;1134895.0
17.0;TO;2000;176.0;1157690.0
17.0;TO;2001;212.0;1184895.0
17.0;TO;2002;170.0;1207014.0
17.0;TO;2003;204.0;1230181.0
17.0;TO;2004;198.0;1262644.0
17.0;TO;2005;190.0;1305728.0
17.0;TO;2006;229.0;1332441.0
17.0;TO;2007;226.0;1243627.0
17.0;TO;2008;237.0;1280509.0
17.0;TO;2009;289.0;1292051.0
17.0;TO;2010;327.0;1383445.0
17.0;TO;2011;361.0;1400892.0
17.0;TO;2012;379.0;1417694.0
17.0;TO;2013;349.0;1478164.0
17.0;TO;2014;381.0;1496880.0
17.0;TO;2015;503.0;1515126.0
17.0;TO;2016;577.0;1532902.0
17.0;TO;2017;557.0;1550194.0
17.0;TO;2018;570.0;1555229.0
17.0;TO;2019;456.0;1572866.0
17.0;TO;2020;484.0;1590248.0
17.0;TO;2021;441.0;1607363.0
17.0;TO;2022;454.0;1511460.0
17.0;TO;2023;419.0;1511460.0
;TO;2024;;1577342.0
;TO;2025;;1586859.0
;;2025;;5877.0
